feature,beta_scaled,beta_real
live_ad_spend_est,132223099.64166692,267.870088112051
search_ad_spend_est,134597679.7488403,1321.558509477236
competitor_event_flag,30954434.400544137,220017488.36035553
intercept,508730060.1840629,257554070.73830742
R2,,0.4455667459573053
RMSE,,278502690.8107965
