feature,beta,r2,rmse
live_ad_spend_est,571964471.5478605,0.5452712858372258,1599778906.1886673
search_ad_spend_est,923318306.5049999,0.5452712858372258,1599778906.1886673
competitor_event_flag,429519758.0943947,0.5452712858372258,1599778906.1886673
